Task ID,Task Name,Task Description,Assigned Team Member,Department,Priority Level,Status,Estimated Hours,Actual Hours,Start Date Time,Due Date Time,Completion Date Time,Task Category,Dependencies,Project Name,Stakeholders,Percentage Completion,Tags,Notes
T001,Payment Gateway API Upgrade,Upgrade payment gateway API to v3.2 with enhanced security features,Sarah Chen,Engineering,Critical,In Progress,24,18,2026-05-12 09:00,2026-05-14 17:00,,API Integration,T002,Payment Infrastructure Modernization,"John Smith, Maria Garcia",75,"payment, api, security",Requires coordination with third-party provider
T002,Security Audit - Payment Module,Conduct comprehensive security audit of payment processing module,Michael Rodriguez,Risk Management,Critical,Completed,16,15,2026-05-12 10:00,2026-05-13 18:00,2026-05-13 16:30,Security Audit,,Payment Infrastructure Modernization,"Sarah Chen, David Kim",100,"security, audit, compliance",All vulnerabilities documented and prioritized
T003,KYC Verification Workflow Enhancement,Implement automated document verification for KYC process,Priya Sharma,Engineering,High,In Progress,32,20,2026-05-12 08:00,2026-05-16 17:00,,Feature Development,T015,Customer Onboarding Automation,"Lisa Wong, James Taylor",62,"kyc, automation, compliance",Integration with third-party verification service pending
T004,AML Transaction Monitoring Rules Update,Update AML monitoring rules based on new regulatory requirements,David Kim,Compliance,Critical,Under Review,20,20,2026-05-12 09:00,2026-05-14 15:00,,Regulatory Compliance,,Compliance Framework Update,"Robert Johnson, Maria Garcia",95,"aml, compliance, regulatory",Awaiting final approval from compliance officer
T005,Mobile App - Biometric Authentication,Implement fingerprint and face ID authentication for mobile app,Alex Thompson,Engineering,High,In Progress,28,15,2026-05-13 09:00,2026-05-17 17:00,,Feature Development,T006,Mobile App Security Enhancement,"Sarah Chen, Lisa Wong",54,"mobile, security, authentication",iOS implementation complete, Android in progress
T006,Security Patch - Session Management,Fix session timeout vulnerability in web application,Jennifer Lee,Engineering,Critical,Completed,8,7,2026-05-12 14:00,2026-05-13 12:00,2026-05-13 11:45,Bug Fix,,Security Hotfix Release,"Michael Rodriguez, David Kim",100,"security, bugfix, hotfix",Deployed to production successfully
T007,Customer Dispute Resolution - Case #4521,Investigate and resolve customer dispute regarding unauthorized transaction,Emma Wilson,Customer Support,High,Completed,6,5.5,2026-05-12 10:00,2026-05-13 17:00,2026-05-13 15:20,Customer Onboarding,,Customer Support Operations,"James Taylor, Robert Johnson",100,"dispute, customer-support, investigation",Refund processed and customer notified
T008,Q2 Financial Reporting Dashboard,Develop interactive dashboard for Q2 financial metrics and KPIs,Daniel Park,Data Analytics,Medium,In Progress,40,25,2026-05-11 09:00,2026-05-18 17:00,,Reporting,T009,Financial Analytics Platform,"Maria Garcia, John Smith",62,"reporting, analytics, dashboard",Data integration with accounting system complete
T009,Database Query Optimization - Transactions,Optimize database queries for transaction history retrieval,Kevin Zhang,Engineering,High,Completed,12,11,2026-05-12 08:00,2026-05-13 17:00,2026-05-13 16:15,Infrastructure,,Performance Optimization Initiative,"Sarah Chen, Daniel Park",100,"database, performance, optimization",Query response time improved by 65%
T010,Merchant Onboarding Portal Update,Update merchant onboarding portal with new compliance requirements,Rachel Green,Product,High,In Progress,24,12,2026-05-13 09:00,2026-05-16 17:00,,Feature Development,T004,Merchant Services Platform,"Lisa Wong, David Kim",50,"merchant, onboarding, compliance",UI mockups approved, backend development in progress
T011,Fraud Detection Model Training,Retrain fraud detection ML model with latest transaction data,Sophia Martinez,Data Analytics,Critical,In Progress,36,28,2026-05-12 08:00,2026-05-15 17:00,,Fraud Detection,,AI/ML Fraud Prevention,"Michael Rodriguez, Daniel Park",78,"fraud, ml, analytics",Model accuracy improved from 94% to 96.5%
T012,API Rate Limiting Implementation,Implement rate limiting for public API endpoints,Chris Anderson,Engineering,Medium,Not Started,16,0,2026-05-15 09:00,2026-05-17 17:00,,API Integration,T001,API Infrastructure Enhancement,"Sarah Chen, Alex Thompson",0,"api, security, infrastructure",Waiting for payment gateway upgrade completion
T013,Regulatory Filing - Monthly Report,Prepare and submit monthly regulatory compliance report,Amanda Foster,Compliance,Critical,Completed,10,9.5,2026-05-12 09:00,2026-05-13 17:00,2026-05-13 16:00,Regulatory Compliance,,Compliance Framework Update,"David Kim, Robert Johnson",100,"regulatory, compliance, reporting",Submitted to regulatory authority on time
T014,Customer Feedback Analysis,Analyze customer feedback from Q1 and generate insights report,Brian Cooper,Customer Support,Medium,Completed,14,13,2026-05-12 10:00,2026-05-14 17:00,2026-05-14 15:30,Reporting,,Customer Experience Improvement,"Lisa Wong, Emma Wilson",100,"feedback, analytics, customer-support",Key pain points identified for product roadmap
T015,Document Verification API Integration,Integrate third-party document verification API for KYC,Nathan Scott,Engineering,High,Completed,20,19,2026-05-11 09:00,2026-05-13 17:00,2026-05-13 16:45,API Integration,,Customer Onboarding Automation,"Priya Sharma, David Kim",100,"api, kyc, integration",API integration tested and deployed
T016,Transaction Monitoring Alert System,Develop real-time alert system for suspicious transactions,Olivia Brown,Engineering,Critical,In Progress,32,20,2026-05-13 08:00,2026-05-17 17:00,,Feature Development,T011,AI/ML Fraud Prevention,"Michael Rodriguez, Sophia Martinez",62,"fraud, monitoring, alerts",Alert rules engine implemented, notification system pending
T017,Credit Scoring Model Update,Update credit scoring algorithm with new risk parameters,Marcus Johnson,Data Analytics,High,In Progress,28,18,2026-05-12 09:00,2026-05-16 17:00,,Feature Development,,Credit Risk Management,"Robert Johnson, Daniel Park",64,"credit, ml, risk-management",Model validation in progress
T018,Mobile App Bug Fix - Login Issue,Fix intermittent login failure on Android devices,Alex Thompson,Engineering,High,Completed,6,5,2026-05-13 11:00,2026-05-13 18:00,2026-05-13 17:30,Bug Fix,,Mobile App Security Enhancement,"Jennifer Lee, Lisa Wong",100,"mobile, bugfix, android",Root cause identified and fixed, deployed to production
T019,Payment Reconciliation Automation,Automate daily payment reconciliation process,Victoria Lee,Finance,Medium,In Progress,24,15,2026-05-13 09:00,2026-05-17 17:00,,Feature Development,T009,Financial Operations Automation,"Maria Garcia, Daniel Park",62,"payment, automation, finance",Script development complete, testing in progress
T020,User Authentication - 2FA Enhancement,Enhance two-factor authentication with additional methods,Jennifer Lee,Engineering,High,Not Started,20,0,2026-05-16 09:00,2026-05-19 17:00,,Feature Development,T005,Mobile App Security Enhancement,"Sarah Chen, Michael Rodriguez",0,"authentication, security, 2fa",Requirements gathering complete
T021,Customer Onboarding - Video KYC,Implement video KYC feature for remote customer verification,Priya Sharma,Engineering,Medium,In Progress,36,22,2026-05-12 08:00,2026-05-18 17:00,,Feature Development,T003,Customer Onboarding Automation,"David Kim, Lisa Wong",61,"kyc, video, compliance",Video streaming infrastructure setup complete
T022,API Documentation Update,Update API documentation for v3.2 release,Thomas Wright,Engineering,Medium,Not Started,12,0,2026-05-15 09:00,2026-05-17 17:00,,Documentation,T001,API Infrastructure Enhancement,"Sarah Chen, Chris Anderson",0,"api, documentation",Waiting for API upgrade completion
T023,Chargeback Management System,Develop automated chargeback management and tracking system,Rachel Green,Product,High,In Progress,40,25,2026-05-11 09:00,2026-05-18 17:00,,Feature Development,,Payment Operations Enhancement,"Emma Wilson, James Taylor",62,"payment, chargeback, automation",Workflow design approved, development 60% complete
T024,Database Backup Verification,Verify and test database backup and recovery procedures,Kevin Zhang,Engineering,Critical,Completed,8,7.5,2026-05-13 08:00,2026-05-13 17:00,2026-05-13 16:20,Infrastructure,,Infrastructure Reliability,"Sarah Chen, Michael Rodriguez",100,"database, backup, infrastructure",All backup systems verified and documented
T025,Marketing Campaign - New Features,Launch marketing campaign for new mobile app features,Jessica Miller,Marketing,Medium,In Progress,20,12,2026-05-13 09:00,2026-05-17 17:00,,Marketing,T005,Mobile App Security Enhancement,"Lisa Wong, Alex Thompson",60,"marketing, campaign, mobile",Email campaign drafted, social media content in progress
T026,Compliance Training - AML Updates,Conduct training session for team on new AML regulations,David Kim,Compliance,High,Completed,6,6,2026-05-13 14:00,2026-05-13 17:00,2026-05-13 17:00,Regulatory Compliance,,Compliance Framework Update,"Amanda Foster, Robert Johnson",100,"compliance, training, aml",All team members completed training and assessment
T027,Transaction Fee Calculation Bug,Fix incorrect fee calculation for international transactions,Daniel Park,Engineering,Critical,Completed,10,9,2026-05-12 15:00,2026-05-13 14:00,2026-05-13 13:45,Bug Fix,,Payment Infrastructure Modernization,"Sarah Chen, Maria Garcia",100,"payment, bugfix, critical",Bug fixed and deployed, affected customers refunded
T028,Customer Support Chatbot Enhancement,Enhance AI chatbot with new financial product queries,Emma Wilson,Customer Support,Medium,In Progress,28,16,2026-05-13 09:00,2026-05-18 17:00,,Feature Development,,Customer Experience Improvement,"Lisa Wong, Sophia Martinez",57,"chatbot, ai, customer-support",Training data prepared, model fine-tuning in progress
T029,Security Incident Response Plan,Update security incident response plan and procedures,Michael Rodriguez,Risk Management,High,In Progress,16,10,2026-05-13 09:00,2026-05-16 17:00,,Documentation,T002,Security Hotfix Release,"David Kim, Sarah Chen",62,"security, documentation, incident-response",Draft completed, awaiting review from security team
T030,Payment Gateway Load Testing,Conduct load testing for payment gateway under peak traffic,Nathan Scott,Engineering,High,Not Started,12,0,2026-05-16 09:00,2026-05-17 17:00,,Testing,T001,Payment Infrastructure Modernization,"Sarah Chen, Kevin Zhang",0,"payment, testing, performance",Test scenarios defined, awaiting API upgrade completion
T031,Merchant Settlement Report Automation,Automate merchant settlement report generation and distribution,Victoria Lee,Finance,Medium,In Progress,20,13,2026-05-13 09:00,2026-05-17 17:00,,Feature Development,T019,Financial Operations Automation,"Maria Garcia, Rachel Green",65,"merchant, reporting, automation",Report template finalized, automation script 70% complete
T032,Mobile App - Push Notification System,Implement push notification system for transaction alerts,Alex Thompson,Engineering,Medium,In Progress,24,14,2026-05-14 09:00,2026-05-18 17:00,,Feature Development,T005,Mobile App Security Enhancement,"Jennifer Lee, Emma Wilson",58,"mobile, notifications, alerts",Backend service implemented, mobile integration pending
T033,Risk Assessment Dashboard,Create executive dashboard for risk metrics and indicators,Sophia Martinez,Data Analytics,High,In Progress,32,18,2026-05-13 09:00,2026-05-17 17:00,,Reporting,T011,AI/ML Fraud Prevention,"Michael Rodriguez, Robert Johnson",56,"risk, dashboard, analytics",Data pipeline established, visualization in progress
T034,API Security Audit,Conduct security audit of all public API endpoints,Michael Rodriguez,Risk Management,Critical,Not Started,20,0,2026-05-16 09:00,2026-05-18 17:00,,Security Audit,T012,API Infrastructure Enhancement,"Sarah Chen, David Kim",0,"api, security, audit",Audit checklist prepared
T035,Customer Dispute - Case #4522,Resolve customer dispute regarding delayed refund,Brian Cooper,Customer Support,Medium,Completed,4,3.5,2026-05-13 10:00,2026-05-14 17:00,2026-05-14 14:30,Customer Onboarding,,Customer Support Operations,"Emma Wilson, James Taylor",100,"dispute, customer-support, refund",Issue resolved, refund processed within 24 hours
T036,Regulatory Compliance - GDPR Audit,Conduct GDPR compliance audit for data processing activities,Amanda Foster,Compliance,Critical,In Progress,24,15,2026-05-13 08:00,2026-05-16 17:00,,Regulatory Compliance,,Compliance Framework Update,"David Kim, Michael Rodriguez",62,"gdpr, compliance, audit",Data mapping complete, policy review in progress
T037,Payment Processing Optimization,Optimize payment processing pipeline for faster transactions,Sarah Chen,Engineering,High,In Progress,28,17,2026-05-14 09:00,2026-05-18 17:00,,Infrastructure,T001,Payment Infrastructure Modernization,"Nathan Scott, Kevin Zhang",61,"payment, performance, optimization",Bottlenecks identified, optimization implementation ongoing
T038,Merchant Onboarding - Case #M789,Complete onboarding process for new enterprise merchant,Rachel Green,Product,High,In Progress,10,7,2026-05-14 09:00,2026-05-16 17:00,,Customer Onboarding,T010,Merchant Services Platform,"Lisa Wong, David Kim",70,"merchant, onboarding, enterprise",Documentation review complete, final approval pending
T039,Transaction Monitoring - False Positive Reduction,Reduce false positive rate in fraud detection system,Sophia Martinez,Data Analytics,High,In Progress,32,20,2026-05-13 09:00,2026-05-17 17:00,,Fraud Detection,T011,AI/ML Fraud Prevention,"Michael Rodriguez, Daniel Park",62,"fraud, ml, optimization",Model tuning in progress, false positive rate reduced by 15%
T040,Mobile App - Offline Mode,Implement offline mode for basic app functionality,Alex Thompson,Engineering,Medium,Not Started,36,0,2026-05-17 09:00,2026-05-22 17:00,,Feature Development,T005,Mobile App Security Enhancement,"Jennifer Lee, Lisa Wong",0,"mobile, offline, feature",Requirements documented, technical design pending
T041,API Rate Limit Monitoring,Set up monitoring and alerting for API rate limit violations,Chris Anderson,Engineering,Medium,Not Started,8,0,2026-05-17 09:00,2026-05-18 17:00,,Infrastructure,T012,API Infrastructure Enhancement,"Sarah Chen, Nathan Scott",0,"api, monitoring, alerts",Monitoring tool selection in progress
T042,Customer Feedback Survey - Q2,Design and launch Q2 customer satisfaction survey,Emma Wilson,Customer Support,Low,In Progress,12,8,2026-05-14 09:00,2026-05-17 17:00,,Reporting,,Customer Experience Improvement,"Lisa Wong, Brian Cooper",67,"feedback, survey, customer-support",Survey questions finalized, distribution platform setup pending
T043,Financial Audit - Q1 Reconciliation,Complete Q1 financial audit and reconciliation,Maria Garcia,Finance,Critical,Completed,20,19,2026-05-12 08:00,2026-05-14 17:00,2026-05-14 16:30,Reporting,,Financial Operations Automation,"Victoria Lee, Robert Johnson",100,"audit, finance, reconciliation",All discrepancies resolved, audit report submitted
T044,Security Patch - XSS Vulnerability,Fix cross-site scripting vulnerability in dashboard,Jennifer Lee,Engineering,Critical,Completed,6,5.5,2026-05-14 10:00,2026-05-14 18:00,2026-05-14 17:15,Bug Fix,,Security Hotfix Release,"Michael Rodriguez, Sarah Chen",100,"security, bugfix, xss",Vulnerability patched and deployed to production
T045,Payment Gateway - Webhook Implementation,Implement webhook system for payment status notifications,Nathan Scott,Engineering,High,In Progress,20,12,2026-05-14 09:00,2026-05-17 17:00,,API Integration,T001,Payment Infrastructure Modernization,"Sarah Chen, Chris Anderson",60,"payment, webhook, api",Webhook endpoint implemented, testing in progress
T046,Credit Risk Model Validation,Validate updated credit risk model against historical data,Marcus Johnson,Data Analytics,High,In Progress,24,15,2026-05-14 09:00,2026-05-17 17:00,,Testing,T017,Credit Risk Management,"Robert Johnson, Sophia Martinez",62,"credit, validation, risk-management",Validation framework setup, testing 60% complete
T047,Customer Onboarding - Bulk Upload,Implement bulk customer onboarding via CSV upload,Priya Sharma,Engineering,Medium,Not Started,28,0,2026-05-17 09:00,2026-05-21 17:00,,Feature Development,T003,Customer Onboarding Automation,"Rachel Green, David Kim",0,"onboarding, bulk, automation",Requirements gathering scheduled
T048,Transaction Dispute Analytics,Analyze transaction dispute patterns and generate insights,Daniel Park,Data Analytics,Medium,In Progress,16,10,2026-05-14 09:00,2026-05-17 17:00,,Reporting,T023,Payment Operations Enhancement,"Emma Wilson, Sophia Martinez",62,"dispute, analytics, reporting",Data extraction complete, analysis in progress
T049,Mobile App - Accessibility Improvements,Improve mobile app accessibility for visually impaired users,Alex Thompson,Engineering,Medium,In Progress,20,11,2026-05-14 09:00,2026-05-18 17:00,,Feature Development,T005,Mobile App Security Enhancement,"Lisa Wong, Jennifer Lee",55,"mobile, accessibility, ux",Screen reader support implemented, testing ongoing
T050,API Documentation - Code Examples,Add code examples and tutorials to API documentation,Thomas Wright,Engineering,Low,Not Started,16,0,2026-05-17 09:00,2026-05-20 17:00,,Documentation,T022,API Infrastructure Enhancement,"Sarah Chen, Chris Anderson",0,"api, documentation, tutorial",Outline prepared
T051,Fraud Alert Email Templates,Design and implement fraud alert email templates,Emma Wilson,Customer Support,Medium,Completed,8,7.5,2026-05-14 09:00,2026-05-15 17:00,2026-05-15 16:20,Feature Development,T016,AI/ML Fraud Prevention,"Michael Rodriguez, Jessica Miller",100,"fraud, email, templates",Templates approved and deployed
T052,Database Migration - User Profiles,Migrate user profile data to new database schema,Kevin Zhang,Engineering,High,In Progress,24,16,2026-05-14 08:00,2026-05-17 17:00,,Infrastructure,T009,Performance Optimization Initiative,"Sarah Chen, Priya Sharma",67,"database, migration, infrastructure",Migration script tested, production migration scheduled
T053,Compliance Report - Monthly KYC Stats,Generate monthly KYC verification statistics report,Amanda Foster,Compliance,Medium,Completed,6,5.5,2026-05-14 09:00,2026-05-15 17:00,2026-05-15 15:45,Reporting,,Compliance Framework Update,"David Kim, Priya Sharma",100,"kyc, compliance, reporting",Report generated and distributed to stakeholders
T054,Payment Gateway - Retry Logic,Implement intelligent retry logic for failed transactions,Nathan Scott,Engineering,High,In Progress,16,10,2026-05-15 09:00,2026-05-17 17:00,,Feature Development,T001,Payment Infrastructure Modernization,"Sarah Chen, Daniel Park",62,"payment, retry, reliability",Retry algorithm implemented, testing in progress
T055,Customer Support - Knowledge Base Update,Update customer support knowledge base with new features,Brian Cooper,Customer Support,Low,In Progress,12,7,2026-05-15 09:00,2026-05-18 17:00,,Documentation,T025,Customer Experience Improvement,"Emma Wilson, Lisa Wong",58,"knowledge-base, documentation, customer-support",50 articles updated, 30 remaining
T056,Risk Management Dashboard - Real-time Updates,Implement real-time data updates for risk management dashboard,Sophia Martinez,Data Analytics,High,Not Started,20,0,2026-05-17 09:00,2026-05-19 17:00,,Feature Development,T033,AI/ML Fraud Prevention,"Michael Rodriguez, Kevin Zhang",0,"risk, dashboard, real-time",Technical design approved
T057,Mobile App - Transaction History Export,Add transaction history export feature to mobile app,Alex Thompson,Engineering,Low,Not Started,12,0,2026-05-18 09:00,2026-05-21 17:00,,Feature Development,T005,Mobile App Security Enhancement,"Jennifer Lee, Victoria Lee",0,"mobile, export, feature",User stories defined
T058,API Performance Monitoring,Set up comprehensive API performance monitoring,Chris Anderson,Engineering,Medium,In Progress,16,9,2026-05-15 09:00,2026-05-17 17:00,,Infrastructure,T012,API Infrastructure Enhancement,"Sarah Chen, Nathan Scott",56,"api, monitoring, performance",Monitoring dashboards configured, alerting setup pending
T059,Merchant Settlement - Dispute Resolution,Resolve settlement dispute with merchant ID M456,Rachel Green,Product,High,In Progress,8,5,2026-05-15 10:00,2026-05-16 17:00,,Customer Onboarding,T031,Merchant Services Platform,"Victoria Lee, James Taylor",62,"merchant, dispute, settlement",Investigation complete, resolution proposal drafted
T060,Transaction Monitoring - Rule Engine Update,Update transaction monitoring rule engine with new patterns,Sophia Martinez,Data Analytics,High,In Progress,24,14,2026-05-15 09:00,2026-05-18 17:00,,Fraud Detection,T016,AI/ML Fraud Prevention,"Michael Rodriguez, Daniel Park",58,"fraud, rules, monitoring",New rule patterns defined, implementation in progress
T061,Customer Onboarding - Identity Verification,Enhance identity verification process with liveness detection,Priya Sharma,Engineering,High,Not Started,32,0,2026-05-18 09:00,2026-05-23 17:00,,Feature Development,T021,Customer Onboarding Automation,"David Kim, Michael Rodriguez",0,"kyc, identity, liveness",Vendor evaluation in progress
T062,Financial Reporting - Automated Reconciliation,Implement automated reconciliation for financial reports,Victoria Lee,Finance,Medium,In Progress,28,17,2026-05-14 09:00,2026-05-19 17:00,,Feature Development,T019,Financial Operations Automation,"Maria Garcia, Daniel Park",61,"finance, reconciliation, automation",Core logic implemented, edge case handling pending
T063,Security Audit - Third-party Integrations,Audit security of all third-party API integrations,Michael Rodriguez,Risk Management,Critical,Not Started,24,0,2026-05-17 09:00,2026-05-20 17:00,,Security Audit,T015,Security Hotfix Release,"David Kim, Sarah Chen",0,"security, audit, third-party",Audit scope defined
T064,Mobile App - Biometric Bug Fix,Fix biometric authentication failure on specific devices,Jennifer Lee,Engineering,High,Completed,8,7,2026-05-15 11:00,2026-05-15 19:00,2026-05-15 18:30,Bug Fix,T005,Mobile App Security Enhancement,"Alex Thompson, Lisa Wong",100,"mobile, bugfix, biometric",Device compatibility issue resolved
T065,Payment Processing - Currency Conversion,Implement real-time currency conversion for international payments,Nathan Scott,Engineering,High,In Progress,32,18,2026-05-15 09:00,2026-05-20 17:00,,Feature Development,T001,Payment Infrastructure Modernization,"Sarah Chen, Maria Garcia",56,"payment, currency, international",Exchange rate API integrated, conversion logic in progress
T066,Customer Dispute - Case #4523,Investigate customer complaint about transaction fees,Emma Wilson,Customer Support,Medium,In Progress,6,4,2026-05-15 10:00,2026-05-16 17:00,,Customer Onboarding,,Customer Support Operations,"Brian Cooper, James Taylor",67,"dispute, customer-support, fees",Investigation complete, awaiting management approval for resolution
T067,Compliance Training - Data Privacy,Conduct data privacy training for engineering team,David Kim,Compliance,Medium,Not Started,8,0,2026-05-17 14:00,2026-05-17 17:00,,Regulatory Compliance,T036,Compliance Framework Update,"Amanda Foster, Sarah Chen",0,"compliance, training, privacy",Training materials prepared
T068,Database Performance Tuning,Tune database performance for transaction queries,Kevin Zhang,Engineering,High,In Progress,16,10,2026-05-15 08:00,2026-05-17 17:00,,Infrastructure,T009,Performance Optimization Initiative,"Sarah Chen, Daniel Park",62,"database, performance, tuning",Index optimization complete, query rewriting in progress
T069,API Versioning Strategy,Define and implement API versioning strategy,Chris Anderson,Engineering,Medium,In Progress,20,12,2026-05-15 09:00,2026-05-18 17:00,,API Integration,T001,API Infrastructure Enhancement,"Sarah Chen, Thomas Wright",60,"api, versioning, strategy",Strategy document drafted, implementation plan in progress
T070,Fraud Detection - Machine Learning Pipeline,Set up automated ML pipeline for fraud detection model,Sophia Martinez,Data Analytics,High,In Progress,36,22,2026-05-14 09:00,2026-05-19 17:00,,Fraud Detection,T011,AI/ML Fraud Prevention,"Marcus Johnson, Daniel Park",61,"fraud, ml, pipeline",Data pipeline configured, model training automation pending
T071,Customer Feedback - Feature Requests,Analyze and prioritize customer feature requests from Q1,Lisa Wong,Product,Medium,Completed,12,11,2026-05-14 09:00,2026-05-16 17:00,2026-05-16 15:30,Reporting,,Customer Experience Improvement,"Rachel Green, Emma Wilson",100,"feedback, feature-requests, product",Top 20 features prioritized and added to roadmap
T072,Mobile App - Dark Mode,Implement dark mode theme for mobile application,Alex Thompson,Engineering,Low,Not Started,20,0,2026-05-19 09:00,2026-05-23 17:00,,Feature Development,T005,Mobile App Security Enhancement,"Jennifer Lee, Jessica Miller",0,"mobile, ui, dark-mode",Design mockups approved
T073,Payment Gateway - Refund Automation,Automate refund processing workflow,Nathan Scott,Engineering,Medium,In Progress,24,14,2026-05-15 09:00,2026-05-19 17:00,,Feature Development,T001,Payment Infrastructure Modernization,"Sarah Chen, Victoria Lee",58,"payment, refund, automation",Workflow engine implemented, approval process pending
T074,Risk Assessment - Credit Portfolio,Conduct risk assessment of current credit portfolio,Marcus Johnson,Data Analytics,High,In Progress,28,16,2026-05-15 09:00,2026-05-19 17:00,,Reporting,T017,Credit Risk Management,"Robert Johnson, Maria Garcia",57,"credit, risk, assessment",Data analysis 60% complete
T075,Customer Support - Ticket Routing,Optimize ticket routing algorithm for faster resolution,Brian Cooper,Customer Support,Medium,In Progress,16,9,2026-05-15 09:00,2026-05-18 17:00,,Feature Development,,Customer Experience Improvement,"Emma Wilson, Sophia Martinez",56,"customer-support, routing, optimization",Algorithm design complete, implementation in progress
T076,Compliance Report - Transaction Monitoring,Generate monthly transaction monitoring compliance report,Amanda Foster,Compliance,High,Not Started,10,0,2026-05-17 09:00,2026-05-18 17:00,,Reporting,T060,Compliance Framework Update,"David Kim, Michael Rodriguez",0,"compliance, reporting, monitoring",Report template finalized
T077,Database Backup - Disaster Recovery Test,Conduct disaster recovery test for database systems,Kevin Zhang,Engineering,Critical,Not Started,12,0,2026-05-18 08:00,2026-05-18 17:00,,Testing,T024,Infrastructure Reliability,"Sarah Chen, Michael Rodriguez",0,"database, disaster-recovery, testing",Test plan approved
T078,API Gateway - Load Balancing,Implement load balancing for API gateway,Chris Anderson,Engineering,High,Not Started,20,0,2026-05-18 09:00,2026-05-21 17:00,,Infrastructure,T012,API Infrastructure Enhancement,"Sarah Chen, Nathan Scott",0,"api, load-balancing, infrastructure",Architecture design approved
T079,Merchant Onboarding - Case #M790,Complete onboarding for new SMB merchant,Rachel Green,Product,Medium,In Progress,8,5,2026-05-16 09:00,2026-05-17 17:00,,Customer Onboarding,T010,Merchant Services Platform,"Lisa Wong, David Kim",62,"merchant, onboarding, smb",Documentation submitted, verification in progress
T080,Transaction Analytics - Revenue Report,Generate detailed revenue analytics report for Q2,Daniel Park,Data Analytics,Medium,In Progress,20,11,2026-05-15 09:00,2026-05-19 17:00,,Reporting,T008,Financial Analytics Platform,"Maria Garcia, Robert Johnson",55,"analytics, revenue, reporting",Data aggregation complete, visualization in progress
T081,Mobile App - In-app Messaging,Implement in-app messaging system for customer support,Alex Thompson,Engineering,Medium,Not Started,28,0,2026-05-19 09:00,2026-05-24 17:00,,Feature Development,T032,Mobile App Security Enhancement,"Emma Wilson, Jennifer Lee",0,"mobile, messaging, customer-support",Requirements documented
T082,Security Patch - SQL Injection,Fix SQL injection vulnerability in reporting module,Jennifer Lee,Engineering,Critical,Completed,6,5.5,2026-05-16 09:00,2026-05-16 17:00,2026-05-16 16:20,Bug Fix,,Security Hotfix Release,"Michael Rodriguez, Sarah Chen",100,"security, bugfix, sql-injection",Vulnerability fixed and deployed
T083,Payment Processing - Transaction Limits,Implement configurable transaction limits per merchant,Nathan Scott,Engineering,Medium,In Progress,20,11,2026-05-16 09:00,2026-05-19 17:00,,Feature Development,T001,Payment Infrastructure Modernization,"Sarah Chen, Rachel Green",55,"payment, limits, merchant",Configuration interface implemented, validation logic pending
T084,Fraud Detection - Alert Prioritization,Implement ML-based alert prioritization system,Sophia Martinez,Data Analytics,High,In Progress,24,13,2026-05-16 09:00,2026-05-20 17:00,,Fraud Detection,T016,AI/ML Fraud Prevention,"Michael Rodriguez, Daniel Park",54,"fraud, ml, prioritization",Feature engineering complete, model training in progress
T085,Customer Onboarding - Document Upload,Enhance document upload interface with drag-and-drop,Priya Sharma,Engineering,Low,Not Started,12,0,2026-05-19 09:00,2026-05-21 17:00,,Feature Development,T003,Customer Onboarding Automation,"Lisa Wong, Alex Thompson",0,"onboarding, upload, ux",UI mockups in review
T086,Financial Audit - Expense Reconciliation,Reconcile Q2 operational expenses,Victoria Lee,Finance,Medium,In Progress,16,9,2026-05-16 09:00,2026-05-19 17:00,,Reporting,,Financial Operations Automation,"Maria Garcia, Robert Johnson",56,"audit, expenses, reconciliation",Expense data collected, reconciliation in progress
T087,API Documentation - Interactive Examples,Add interactive API examples to documentation portal,Thomas Wright,Engineering,Low,Not Started,20,0,2026-05-19 09:00,2026-05-23 17:00,,Documentation,T050,API Infrastructure Enhancement,"Sarah Chen, Chris Anderson",0,"api, documentation, interactive",Tool evaluation in progress
T088,Customer Support - Escalation Workflow,Implement automated escalation workflow for critical issues,Emma Wilson,Customer Support,High,In Progress,16,9,2026-05-16 09:00,2026-05-18 17:00,,Feature Development,T075,Customer Experience Improvement,"Brian Cooper, Michael Rodriguez",56,"customer-support, escalation, workflow",Workflow rules defined, automation in progress
T089,Mobile App - Localization,Add support for 5 additional languages in mobile app,Alex Thompson,Engineering,Medium,Not Started,32,0,2026-05-20 09:00,2026-05-27 17:00,,Feature Development,T005,Mobile App Security Enhancement,"Jennifer Lee, Jessica Miller",0,"mobile, localization, i18n",Translation vendor selected
T090,Payment Gateway - Settlement Reports,Automate daily settlement report generation,Nathan Scott,Engineering,Medium,In Progress,16,9,2026-05-16 09:00,2026-05-19 17:00,,Feature Development,T031,Payment Infrastructure Modernization,"Victoria Lee, Rachel Green",56,"payment, settlement, reporting",Report generation logic implemented, distribution pending
T091,Risk Management - Stress Testing,Conduct stress testing for credit risk models,Marcus Johnson,Data Analytics,High,Not Started,24,0,2026-05-18 09:00,2026-05-21 17:00,,Testing,T074,Credit Risk Management,"Robert Johnson, Michael Rodriguez",0,"risk, stress-testing, credit",Test scenarios defined
T092,Database Migration - Transaction History,Migrate historical transaction data to new storage,Kevin Zhang,Engineering,High,Not Started,32,0,2026-05-19 09:00,2026-05-23 17:00,,Infrastructure,T052,Performance Optimization Initiative,"Sarah Chen, Daniel Park",0,"database, migration, transactions",Migration plan approved
T093,Compliance Audit - Internal Controls,Conduct internal controls audit for financial processes,Amanda Foster,Compliance,Critical,In Progress,20,11,2026-05-16 08:00,2026-05-19 17:00,,Regulatory Compliance,,Compliance Framework Update,"David Kim, Maria Garcia",55,"compliance, audit, internal-controls",Control testing 50% complete
T094,API Security - OAuth Implementation,Implement OAuth 2.0 authentication for API,Chris Anderson,Engineering,High,Not Started,28,0,2026-05-19 09:00,2026-05-23 17:00,,API Integration,T034,API Infrastructure Enhancement,"Sarah Chen, Michael Rodriguez",0,"api, oauth, security",Technical design in progress
T095,Customer Dispute - Case #4524,Resolve dispute regarding duplicate charge,Brian Cooper,Customer Support,Medium,Completed,5,4.5,2026-05-16 10:00,2026-05-17 17:00,2026-05-17 14:15,Customer Onboarding,,Customer Support Operations,"Emma Wilson, Victoria Lee",100,"dispute, customer-support, duplicate",Duplicate charge identified and refunded
T096,Transaction Monitoring - Performance Optimization,Optimize transaction monitoring system performance,Sophia Martinez,Data Analytics,High,In Progress,20,11,2026-05-16 09:00,2026-05-19 17:00,,Infrastructure,T060,AI/ML Fraud Prevention,"Kevin Zhang, Daniel Park",55,"monitoring, performance, optimization",Query optimization complete, caching implementation pending
T097,Mobile App - Widget Support,Develop home screen widgets for iOS and Android,Alex Thompson,Engineering,Low,Not Started,24,0,2026-05-21 09:00,2026-05-26 17:00,,Feature Development,T005,Mobile App Security Enhancement,"Jennifer Lee, Lisa Wong",0,"mobile, widgets, feature",Requirements gathering scheduled
T098,Payment Processing - Multi-currency Support,Enhance payment processing to support 20 additional currencies,Nathan Scott,Engineering,High,In Progress,36,19,2026-05-15 09:00,2026-05-21 17:00,,Feature Development,T065,Payment Infrastructure Modernization,"Sarah Chen, Maria Garcia",53,"payment, currency, international",Currency configuration complete, processing logic 50% done
T099,Fraud Detection - Behavioral Analytics,Implement behavioral analytics for fraud detection,Sophia Martinez,Data Analytics,High,In Progress,32,17,2026-05-16 09:00,2026-05-21 17:00,,Fraud Detection,T070,AI/ML Fraud Prevention,"Marcus Johnson, Michael Rodriguez",53,"fraud, analytics, behavioral",Feature extraction complete, model development in progress
T100,Customer Onboarding - Status Dashboard,Create real-time dashboard for onboarding status tracking,Priya Sharma,Engineering,Medium,In Progress,20,11,2026-05-16 09:00,2026-05-19 17:00,,Feature Development,T003,Customer Onboarding Automation,"Rachel Green, Lisa Wong",55,"onboarding, dashboard, tracking",Backend API implemented, frontend development in progress
T101,Compliance Report - Risk Assessment,Generate quarterly risk assessment compliance report,David Kim,Compliance,High,Not Started,16,0,2026-05-18 09:00,2026-05-20 17:00,,Reporting,T093,Compliance Framework Update,"Amanda Foster, Michael Rodriguez",0,"compliance, risk, reporting",Data collection in progress
T102,API Gateway - Caching Strategy,Implement caching strategy for frequently accessed endpoints,Chris Anderson,Engineering,Medium,Not Started,16,0,2026-05-19 09:00,2026-05-21 17:00,,Infrastructure,T058,API Infrastructure Enhancement,"Sarah Chen, Kevin Zhang",0,"api, caching, performance",Cache invalidation strategy defined
T103,Mobile App - Fingerprint Bug iOS,Fix fingerprint authentication issue on iOS 16,Jennifer Lee,Engineering,High,In Progress,8,5,2026-05-17 09:00,2026-05-18 17:00,,Bug Fix,T064,Mobile App Security Enhancement,"Alex Thompson, Lisa Wong",62,"mobile, bugfix, ios, biometric",Root cause identified, fix implementation in progress
T104,Merchant Analytics Dashboard,Develop analytics dashboard for merchant performance metrics,Daniel Park,Data Analytics,Medium,In Progress,28,15,2026-05-16 09:00,2026-05-21 17:00,,Reporting,T080,Merchant Services Platform,"Rachel Green, Sophia Martinez",54,"merchant, analytics, dashboard",Data model designed, visualization 50% complete
T105,Payment Gateway - Webhook Retry,Implement retry mechanism for failed webhook deliveries,Nathan Scott,Engineering,Medium,In Progress,12,7,2026-05-17 09:00,2026-05-19 17:00,,API Integration,T045,Payment Infrastructure Modernization,"Sarah Chen, Chris Anderson",58,"payment, webhook, retry",Retry logic implemented, testing in progress
T106,Security Training - Phishing Awareness,Conduct phishing awareness training for all employees,Michael Rodriguez,Risk Management,Medium,Not Started,6,0,2026-05-19 14:00,2026-05-19 17:00,,Regulatory Compliance,,Security Hotfix Release,"David Kim, Amanda Foster",0,"security, training, phishing",Training materials prepared
T107,Customer Support - SLA Monitoring,Implement SLA monitoring and alerting system,Emma Wilson,Customer Support,High,In Progress,16,9,2026-05-17 09:00,2026-05-20 17:00,,Feature Development,T088,Customer Experience Improvement,"Brian Cooper, Sophia Martinez",56,"customer-support, sla, monitoring",Monitoring rules configured, alerting setup pending
T108,Database Optimization - Indexing,Optimize database indexes for improved query performance,Kevin Zhang,Engineering,Medium,In Progress,12,7,2026-05-17 09:00,2026-05-19 17:00,,Infrastructure,T068,Performance Optimization Initiative,"Sarah Chen, Daniel Park",58,"database, indexing, performance",Index analysis complete, optimization in progress
T109,Fraud Detection - Real-time Scoring,Implement real-time fraud scoring for transactions,Sophia Martinez,Data Analytics,Critical,In Progress,28,15,2026-05-17 09:00,2026-05-21 17:00,,Fraud Detection,T099,AI/ML Fraud Prevention,"Marcus Johnson, Nathan Scott",54,"fraud, real-time, scoring",Scoring model deployed, integration testing in progress
T110,Mobile App - Transaction Receipt,Add digital receipt generation and sharing feature,Alex Thompson,Engineering,Low,Not Started,16,0,2026-05-21 09:00,2026-05-24 17:00,,Feature Development,T057,Mobile App Security Enhancement,"Jennifer Lee, Victoria Lee",0,"mobile, receipt, feature",User stories defined